AzaraelDR@gmail.com = azarael <azaraeldr@gmail.com>
Glimmereyes = glimmereyes <glimmereyes@gmail.com>
Glimmereyes@gmail.com = glimmereyes <glimmereyes@gmail.com>
RockyWilliams@gmail.com = RockyWilliams <RockyWilliams@gmail.com>
aramis604 = aramis604 <unknown>
azaraeldr = azarael <azaraeldr@gmail.com>
azaraeldr@gmail.com = azarael <azaraeldr@gmail.com>
azothy = azothy <unknown>
beagnach = beagnatch <unknown>
cardinalreveler = cardinalreveler <unknown>
cjm1670@gmail.com = cjm167 <cjm167@gmail.com>
conny.wallstrom@gmail.com = Conny Wallstrom <conny.wallstrom@gmail.com>
dean.cravy@gmail.com =  Dean Cravy <dean.cravy@gmail.com>
derek.hoffmann@gmail.com = Derek Hoffman <derek.hoffman@gmail.com>
diannetea = diannetea <unknown>
dustin.utt@gmail.com = Dustin Utt <dustin.utt@gmail.com>
hyattr01 = hyattr01 <unknown>
isharon = isharon <isharon@elanthia.org>
isharon@elanthia.org = isharon <isharon@elanthia.org>
kamose@earthlink.net = kamose <kamose@earthlink.net>
millatheundying = millatheundying <unknown>
navak = navak <unknown>
nituki = nituki <unknown>
pelicsplace@gmail.com = pelecsplace <pelecsplace@gmail.com>
pezlife = pezlife <unknown>
ryan@digitaltransfusion.net = ryan <ryan@ditialtransfusion.net>
sauva = sauva <unknown>
siryarrius@gmail.com = siryarrius <siryarrius@gmail.com>
skultamaphon@gmail.com = skultamaphon <skultamaphon@gmail.com>
smirksalot = smirksalot <unknown>
thires = thires <unknown>
vralluxdr = vralluxdr <unknown>
xyngleburt = xyngleburt <unknown>
zoluren@earthlink.net = zoluren <zoluren@earthlink.net>
(no author) = unknown <unknown>
